Workbook

Sheet Все результаты
A1: city | B1: id_trading_point | C1: count_test | D1: count_control | E1: count_all | F1: percent_count | G1: avg_payment_test | H1: avg_payment_control | I1: diff | J1: sigma_test | K1: sigma_control | L1: ttest | M1: pvalue_ttest | N1: label | O1: median_payment_test | P1: median_payment_control | Q1: median_diff | R1: conversion_test | S1: conversion_control | T1: conversion_diff | U1: total_payment_test | V1: total_payment_control | W1: total_diff | X1: cv_test | Y1: cv_control
A2: Москва | B2: 9931 | C2: 153 | D2: 137 | E2: 290 | F2: 0.61695564 | G2: 1438.4641 | H2: 1994.0219 | I2: -555.55785 | J2: 2041.6098 | K2: 2400.7811 | L2: -2.1101749 | M2: 0.035768575 | N2: negative | O2: 0 | P2: 1430 | Q2: -1430 | R2: 0.36601307 | S2: 0.52554745 | T2: -0.15953437 | U2: 220085 | V2: 273181 | W2: -53096 | X2: 1.4192984 | Y2: 1.2039893
A3: Краснодар | B3: 1101 | C3: 785 | D3: 869 | E3: 1654 | F3: 3.5187746 | G3: 2211.3669 | H3: 2559.5167 | I3: -348.14981 | J3: 2717.7815 | K3: 2962.7255 | L3: -2.4924934 | M3: 0.012782308 | N3: negative | O3: 991 | P3: 1956 | Q3: -965 | R3: 0.5133758 | S3: 0.56501726 | T3: -0.051641465 | U3: 1735923 | V3: 2224220 | W3: -488297 | X3: 1.2290052 | Y3: 1.1575332
A4: Красноярск | B4: 212 | C4: 593 | D4: 575 | E4: 1168 | F4: 2.484842 | G4: 2161.8718 | H4: 2264.2957 | I4: -102.42381 | J4: 2708.3804 | K4: 2785.4327 | L4: -0.63688405 | M4: 0.52432582 | N4: neutral | O4: 976 | P4: 1093 | Q4: -117 | R4: 0.52613828 | S4: 0.51826087 | T4: 0.0078774104 | U4: 1281990 | V4: 1301970 | W4: -19980 | X4: 1.2527941 | Y4: 1.2301541
A5: Красноярск | B5: 278 | C5: 535 | D5: 489 | E5: 1024 | F5: 2.1784916 | G5: 2557.7196 | H5: 2256.1759 | I5: 301.54376 | J5: 2967.3351 | K5: 2615.6571 | L5: 1.7280738 | M5: 0.084277458 | N5: neutral | O5: 1933 | P5: 1393 | Q5: 540 | R5: 0.55514019 | S5: 0.54192229 | T5: 0.013217897 | U5: 1368380 | V5: 1103270 | W5: 265110 | X5: 1.1601487 | Y5: 1.1593321
A6: Красноярск | B6: 202 | C6: 551 | D6: 565 | E6: 1116 | F6: 2.3742155 | G6: 2984.02 | H6: 2754.9451 | I6: 229.07483 | J6: 2978.1746 | K6: 2735.1864 | L6: 1.3373961 | M6: 0.18136967 | N6: neutral | O6: 2961 | P6: 2653 | Q6: 308 | R6: 0.64065336 | S6: 0.65486726 | T6: -0.014213899 | U6: 1644195 | V6: 1556544 | W6: 87651 | X6: 0.99804111 | Y6: 0.9928279
A7: Красноярск | B7: 444 | C7: 650 | D7: 562 | E7: 1212 | F7: 2.5784491 | G7: 2473.5062 | H7: 2626.0018 | I7: -152.49563 | J7: 2816.4543 | K7: 2820.9544 | L7: -0.93919566 | M7: 0.3478218 | N7: neutral | O7: 2118.5 | P7: 2406 | Q7: -287.5 | R7: 0.57076923 | S7: 0.59252669 | T7: -0.02175746 | U7: 1607779 | V7: 1475813 | W7: 131966 | X7: 1.1386486 | Y7: 1.0742393
A8: Красноярск | B8: 277 | C8: 708 | D8: 709 | E8: 1417 | F8: 3.0145729 | G8: 2310.2556 | H8: 2475.4133 | I8: -165.15761 | J8: 2728.8195 | K8: 2901.6142 | L8: -1.1036885 | M8: 0.26991661 | N8: neutral | O8: 1614.5 | P8: 1812 | Q8: -197.5 | R8: 0.53813559 | S8: 0.54724965 | T8: -0.0091140542 | U8: 1635661 | V8: 1755068 | W8: -119407 | X8: 1.1811764 | Y8: 1.1721737
A9: Мурманск | B9: 54 | C9: 633 | D9: 640 | E9: 1273 | F9: 2.7082225 | G9: 1746.5687 | H9: 1699.3563 | I9: 47.21247 | J9: 2584.5198 | K9: 2628.1822 | L9: 0.32315154 | M9: 0.74663363 | N9: neutral | O9: 0 | P9: 0 | Q9: 0 | R9: 0.39652449 | S9: 0.3875 | T9: 0.0090244866 | U9: 1105578 | V9: 1087588 | W9: 17990 | X9: 1.4797699 | Y9: 1.5465752
A10: Мурманск | B10: 55 | C10: 422 | D10: 425 | E10: 847 | F10: 1.801936 | G10: 2158.4431 | H10: 2143.9318 | I10: 14.511363 | J10: 2793.1878 | K10: 2878.9767 | L10: 0.074451247 | M10: 0.94066896 | N10: neutral | O10: 1041.5 | P10: 0 | Q10: 1041.5 | R10: 0.52132701 | S10: 0.47294118 | T10: 0.048385838 | U10: 910863 | V10: 911171 | W10: -308 | X10: 1.2940752 | Y10: 1.342849
A11: Казань | B11: 699 | C11: 482 | D11: 494 | E11: 976 | F11: 2.0763749 | G11: 2494.278 | H11: 2637.5709 | I11: -143.29284 | J11: 3988.5069 | K11: 4167.1219 | L11: -0.54887306 | M11: 0.58321841 | N11: neutral | O11: 0 | P11: 0 | Q11: 0 | R11: 0.43775934 | S11: 0.47975709 | T11: -0.041997749 | U11: 1202242 | V11: 1302960 | W11: -100718 | X11: 1.5990627 | Y11: 1.579909
A12: Казань | B12: 477 | C12: 382 | D12: 386 | E12: 768 | F12: 1.6338687 | G12: 2295.9581 | H12: 2532.9456 | I12: -236.98748 | J12: 3486.024 | K12: 3901.1278 | L12: -0.88790245 | M12: 0.37487482 | N12: neutral | O12: 0 | P12: 0 | Q12: 0 | R12: 0.43717277 | S12: 0.44559585 | T12: -0.0084230801 | U12: 877056 | V12: 977717 | W12: -100661 | X12: 1.5183309 | Y12: 1.5401546
A13: Казань | B13: 544 | C13: 377 | D13: 416 | E13: 793 | F13: 1.6870546 | G13: 2685.8568 | H13: 2710.6202 | I13: -24.763428 | J13: 3883.2686 | K13: 4712.4755 | L13: -0.081035946 | M13: 0.93543405 | N13: neutral | O13: 0 | P13: 0 | Q13: 0 | R13: 0.48541114 | S13: 0.44230769 | T13: 0.043103448 | U13: 1012568 | V13: 1127618 | W13: -115050 | X13: 1.4458212 | Y13: 1.738523
... A55: Самара | B55: 36 | C55: 131 | D55: 141 | E55: 272 | F55: 0.57866184 | G55: 2013.8168 | H55: 860.41844 | I55: 1153.3984 | J55: 2798.53 | K55: 1840.8266 | L55: 3.9839341 | M55: 9.1901046e-05 | N55: positive | O55: 0 | P55: 0 | Q55: 0 | R55: 0.45801527 | S55: 0.23404255 | T55: 0.22397271 | U55: 263810 | V55: 121319 | W55: 142491 | X55: 1.3896647 | Y55: 2.1394551

Sheet Итог
A1: Вводные данные
A2: N | B2: 1000
A3: MDE | B3: 1000
A4: Итоговые результаты
A5: Положительный исход (прирост) | B5: =SUM('Положительные исходы'!B25:B42) -> 270427.17
A6: Отрицательный исход (падение) | B6: =SUM('Отрицательные исходы'!B9:B10) -> -15678.152
A7: Баланс | B7: =B6+B5 -> 254749.02
A8: Количество наблюдений | B8: =SUM('Нейтральные исходы'!B41:B74) -> 4142.8211

Sheet Положительные исходы
A1: city | B1: id_trading_point | C1: count_test | D1: count_control | E1: count_all | F1: percent_count | G1: avg_payment_test | H1: avg_payment_control | I1: diff | J1: sigma_test | K1: sigma_control | L1: ttest | M1: pvalue_ttest | N1: label | O1: median_payment_test | P1: median_payment_control | Q1: median_diff | R1: conversion_test | S1: conversion_control | T1: conversion_diff | U1: total_payment_test | V1: total_payment_control | W1: total_diff | X1: cv_test | Y1: cv_control
A2: Казань | B2: 991 | C2: 270 | D2: 294 | E2: 564 | F2: 1.1998724 | G2: 3326.3926 | H2: 2523.8027 | I2: 802.58987 | J2: 4784.1953 | K2: 3706.112 | L2: 2.2133282 | M2: 0.027320327 | N2: positive | O2: 2038.5 | P2: 0 | Q2: 2038.5 | R2: 0.53333333 | S2: 0.47959184 | T2: 0.053741497 | U2: 898126 | V2: 741998 | W2: 156128 | X2: 1.4382533 | Y2: 1.4684634
A3: Санкт-Петербург | B3: 453 | C3: 1066 | D3: 1049 | E3: 2115 | F3: 4.4995213 | G3: 2563.8143 | H3: 1919.6949 | I3: 644.11931 | J3: 3005.9142 | K3: 2664.6891 | L3: 5.2167826 | M3: 2.0003934e-07 | N3: positive | O3: 2031.5 | P3: 0 | Q3: 2031.5 | R3: 0.56941839 | S3: 0.44137274 | T3: 0.12804565 | U3: 2733026 | V3: 2013760 | W3: 719266 | X3: 1.1724384 | Y3: 1.3880795
A4: Санкт-Петербург | B4: 112 | C4: 652 | D4: 683 | E4: 1335 | F4: 2.8401234 | G4: 2551.9801 | H4: 2228.798 | I4: 323.18211 | J4: 2801.9079 | K4: 2785.9704 | L4: 2.1124837 | M4: 0.034831038 | N4: positive | O4: 2180 | P4: 913 | Q4: 1267 | R4: 0.58742331 | S4: 0.51830161 | T4: 0.069121702 | U4: 1663891 | V4: 1522269 | W4: 141622 | X4: 1.0979349 | Y4: 1.2499879
A5: Санкт-Петербург | B5: 801 | C5: 225 | D5: 212 | E5: 437 | F5: 0.92968833 | G5: 2971.4089 | H5: 2368.6509 | I5: 602.75795 | J5: 2847.6491 | K5: 2924.7711 | L5: 2.180832 | M5: 0.029734855 | N5: positive | O5: 2909 | P5: 1458 | Q5: 1451 | R5: 0.64888889 | S5: 0.53773585 | T5: 0.11115304 | U5: 668567 | V5: 502154 | W5: 166413 | X5: 0.95834978 | Y5: 1.2347835
A6: Санкт-Петербург | B6: 573 | C6: 177 | D6: 160 | E6: 337 | F6: 0.71694501 | G6: 3066.2768 | H6: 1662.9 | I6: 1403.3768 | J6: 3274.3261 | K6: 2619.7358 | L6: 4.3629092 | M6: 1.7181336e-05 | N6: positive | O6: 2716 | P6: 0 | Q6: 2716 | R6: 0.64971751 | S6: 0.375 | T6: 0.27471751 | U6: 542731 | V6: 266064 | W6: 276667 | X6: 1.0678508 | Y6: 1.5754019
A7: Санкт-Петербург | B7: 900 | C7: 335 | D7: 341 | E7: 676 | F7: 1.4381449 | G7: 2502.7821 | H7: 1720.3196 | I7: 782.46244 | J7: 2908.7149 | K7: 2511.5741 | L7: 3.7407092 | M7: 0.00019954754 | N7: positive | O7: 1871 | P7: 0 | Q7: 1871 | R7: 0.55820896 | S7: 0.41642229 | T7: 0.14178667 | U7: 838432 | V7: 586629 | W7: 251803 | X7: 1.1621926 | Y7: 1.4599462
A8: Санкт-Петербург | B8: 117 | C8: 625 | D8: 587 | E8: 1212 | F8: 2.5784491 | G8: 2632.2656 | H8: 2092.0716 | I8: 540.19405 | J8: 2840.6587 | K8: 2618.9694 | L8: 3.4444465 | M8: 0.00059182102 | N8: positive | O8: 2294 | P8: 0 | Q8: 2294 | R8: 0.6048 | S8: 0.49574106 | T8: 0.10905894 | U8: 1645166 | V8: 1228046 | W8: 417120 | X8: 1.0791687 | Y8: 1.2518546
A9: Санкт-Петербург | B9: 213 | C9: 232 | D9: 255 | E9: 487 | F9: 1.03606 | G9: 3037.4569 | H9: 2332.0431 | I9: 705.41376 | J9: 2914.4652 | K9: 2713.2914 | L9: 2.756639 | M9: 0.0060660794 | N9: positive | O9: 3019.5 | P9: 1861 | Q9: 1158.5 | R9: 0.67241379 | S9: 0.56862745 | T9: 0.10378634 | U9: 704690 | V9: 594671 | W9: 110019 | X9: 0.95950834 | Y9: 1.1634825
A10: Санкт-Петербург | B10: 891 | C10: 159 | D10: 167 | E10: 326 | F10: 0.69354324 | G10: 2706.2453 | H10: 2001.4371 | I10: 704.80816 | J10: 2893.8888 | K10: 2487.4211 | L10: 2.3530253 | M10: 0.019242523 | N10: positive | O10: 2340 | P10: 508 | Q10: 1832 | R10: 0.63522013 | S10: 0.50299401 | T10: 0.13222611 | U10: 430293 | V10: 334240 | W10: 96053 | X10: 1.0693372 | Y10: 1.2428175
A11: Москва | B11: 2652 | C11: 2273 | D11: 2370 | E11: 4643 | F11: 9.8776726 | G11: 2550.1082 | H11: 2006.5228 | I11: 543.58544 | J11: 2878.271 | K11: 2579.161 | L11: 6.7676439 | M11: 1.4755183e-11 | N11: positive | O11: 2357 | P11: 0 | Q11: 2357 | R11: 0.60272767 | S11: 0.49409283 | T11: 0.10863485 | U11: 5796396 | V11: 4755459 | W11: 1040937 | X11: 1.1286858 | Y11: 1.2853883
A12: Москва | B12: 1287 | C12: 370 | D12: 357 | E12: 727 | F12: 1.546644 | G12: 2152.8676 | H12: 1404.3754 | I12: 748.49222 | J12: 2458.5098 | K12: 2339.8597 | L12: 4.2058195 | M12: 2.9272189e-05 | N12: positive | O12: 1596.5 | P12: 0 | Q12: 1596.5 | R12: 0.55405405 | S12: 0.36414566 | T12: 0.1899084 | U12: 796561 | V12: 501362 | W12: 295199 | X12: 1.1419698 | Y12: 1.6661213
A13: Москва | B13: 1654 | C13: 799 | D13: 775 | E13: 1574 | F13: 3.3485799 | G13: 3180.776 | H13: 2552.6606 | I13: 628.11532 | J13: 3206.0944 | K13: 2942.8696 | L13: 4.051118 | M13: 5.3467523e-05 | N13: positive | O13: 3540 | P13: 2304 | Q13: 1236 | R13: 0.63204005 | S13: 0.60903226 | T13: 0.023007792 | U13: 2541440 | V13: 1978312 | W13: 563128 | X13: 1.0079598 | Y13: 1.1528636
... A19: Самара | B19: 36 | C19: 131 | D19: 141 | E19: 272 | F19: 0.57866184 | G19: 2013.8168 | H19: 860.41844 | I19: 1153.3984 | J19: 2798.53 | K19: 1840.8266 | L19: 3.9839341 | M19: 9.1901046e-05 | N19: positive | O19: 0 | P19: 0 | Q19: 0 | R19: 0.45801527 | S19: 0.23404255 | T19: 0.22397271 | U19: 263810 | V19: 121319 | W19: 142491 | X19: 1.3896647 | Y19: 2.1394551
A22: Расчет влияния изменения механики уведомлений пользователей
A24: Торговая точка | B24: Прирост прибыли
A25: 991 | B25: =I2*Итог!$B$2*(F2/100) -> 9630.054
A26: 453 | B26: =I3*Итог!$B$2*(F3/100) -> 28982.286
A27: 112 | B27: =I4*Итог!$B$2*(F4/100) -> 9178.7707
A28: 801 | B28: =I5*Итог!$B$2*(F5/100) -> 5603.7703
A29: 573 | B29: =I6*Итог!$B$2*(F6/100) -> 10061.44
A30: 900 | B30: =I7*Итог!$B$2*(F7/100) -> 11252.944
A31: 117 | B31: =I8*Итог!$B$2*(F8/100) -> 13928.629
A32: 213 | B32: =I9*Итог!$B$2*(F9/100) -> 7308.5097
A33: 891 | B33: =I10*Итог!$B$2*(F10/100) -> 4888.1493
A34: 2652 | B34: =I11*Итог!$B$2*(F11/100) -> 53693.59
A35: 1287 | B35: =I12*Итог!$B$2*(F12/100) -> 11576.51
A36: 1654 | B36: =I13*Итог!$B$2*(F13/100) -> 21032.944
... A42: 36 | B42: =I19*Итог!$B$2*(F19/100) -> 6674.2762

Sheet Отрицательные исходы
A1: city | B1: id_trading_point | C1: count_test | D1: count_control | E1: count_all | F1: percent_count | G1: avg_payment_test | H1: avg_payment_control | I1: diff | J1: sigma_test | K1: sigma_control | L1: ttest | M1: pvalue_ttest | N1: label | O1: median_payment_test | P1: median_payment_control | Q1: median_diff | R1: conversion_test | S1: conversion_control | T1: conversion_diff | U1: total_payment_test | V1: total_payment_control | W1: total_diff | X1: cv_test | Y1: cv_control
A2: Москва | B2: 9931 | C2: 153 | D2: 137 | E2: 290 | F2: 0.61695564 | G2: 1438.4641 | H2: 1994.0219 | I2: -555.55785 | J2: 2041.6098 | K2: 2400.7811 | L2: -2.1101749 | M2: 0.035768575 | N2: negative | O2: 0 | P2: 1430 | Q2: -1430 | R2: 0.36601307 | S2: 0.52554745 | T2: -0.15953437 | U2: 220085 | V2: 273181 | W2: -53096 | X2: 1.4192984 | Y2: 1.2039893
A3: Краснодар | B3: 1101 | C3: 785 | D3: 869 | E3: 1654 | F3: 3.5187746 | G3: 2211.3669 | H3: 2559.5167 | I3: -348.14981 | J3: 2717.7815 | K3: 2962.7255 | L3: -2.4924934 | M3: 0.012782308 | N3: negative | O3: 991 | P3: 1956 | Q3: -965 | R3: 0.5133758 | S3: 0.56501726 | T3: -0.051641465 | U3: 1735923 | V3: 2224220 | W3: -488297 | X3: 1.2290052 | Y3: 1.1575332
A6: Расчет влияния изменения механики уведомлений пользователей
A8: Торговая точка | B8: Падение прибыли
A9: 9931 | B9: =I2*Итог!$B$2 * (F2/100) -> -3427.5455
A10: 1101 | B10: =I3*Итог!$B$2 * (F3/100) -> -12250.607

Sheet Нейтральные исходы
A1: city | B1: id_trading_point | C1: count_test | D1: count_control | E1: count_all | F1: percent_count | G1: avg_payment_test | H1: avg_payment_control | I1: diff | J1: sigma_test | K1: sigma_control | L1: ttest | M1: pvalue_ttest | N1: label | O1: median_payment_test | P1: median_payment_control | Q1: median_diff | R1: conversion_test | S1: conversion_control | T1: conversion_diff | U1: total_payment_test | V1: total_payment_control | W1: total_diff | X1: cv_test | Y1: cv_control
A2: Красноярск | B2: 212 | C2: 593 | D2: 575 | E2: 1168 | F2: 2.484842 | G2: 2161.8718 | H2: 2264.2957 | I2: -102.42381 | J2: 2708.3804 | K2: 2785.4327 | L2: -0.63688405 | M2: 0.52432582 | N2: neutral | O2: 976 | P2: 1093 | Q2: -117 | R2: 0.52613828 | S2: 0.51826087 | T2: 0.0078774104 | U2: 1281990 | V2: 1301970 | W2: -19980 | X2: 1.2527941 | Y2: 1.2301541
A3: Красноярск | B3: 278 | C3: 535 | D3: 489 | E3: 1024 | F3: 2.1784916 | G3: 2557.7196 | H3: 2256.1759 | I3: 301.54376 | J3: 2967.3351 | K3: 2615.6571 | L3: 1.7280738 | M3: 0.084277458 | N3: neutral | O3: 1933 | P3: 1393 | Q3: 540 | R3: 0.55514019 | S3: 0.54192229 | T3: 0.013217897 | U3: 1368380 | V3: 1103270 | W3: 265110 | X3: 1.1601487 | Y3: 1.1593321
A4: Красноярск | B4: 202 | C4: 551 | D4: 565 | E4: 1116 | F4: 2.3742155 | G4: 2984.02 | H4: 2754.9451 | I4: 229.07483 | J4: 2978.1746 | K4: 2735.1864 | L4: 1.3373961 | M4: 0.18136967 | N4: neutral | O4: 2961 | P4: 2653 | Q4: 308 | R4: 0.64065336 | S4: 0.65486726 | T4: -0.014213899 | U4: 1644195 | V4: 1556544 | W4: 87651 | X4: 0.99804111 | Y4: 0.9928279
A5: Красноярск | B5: 444 | C5: 650 | D5: 562 | E5: 1212 | F5: 2.5784491 | G5: 2473.5062 | H5: 2626.0018 | I5: -152.49563 | J5: 2816.4543 | K5: 2820.9544 | L5: -0.93919566 | M5: 0.3478218 | N5: neutral | O5: 2118.5 | P5: 2406 | Q5: -287.5 | R5: 0.57076923 | S5: 0.59252669 | T5: -0.02175746 | U5: 1607779 | V5: 1475813 | W5: 131966 | X5: 1.1386486 | Y5: 1.0742393
A6: Красноярск | B6: 277 | C6: 708 | D6: 709 | E6: 1417 | F6: 3.0145729 | G6: 2310.2556 | H6: 2475.4133 | I6: -165.15761 | J6: 2728.8195 | K6: 2901.6142 | L6: -1.1036885 | M6: 0.26991661 | N6: neutral | O6: 1614.5 | P6: 1812 | Q6: -197.5 | R6: 0.53813559 | S6: 0.54724965 | T6: -0.0091140542 | U6: 1635661 | V6: 1755068 | W6: -119407 | X6: 1.1811764 | Y6: 1.1721737
A7: Мурманск | B7: 54 | C7: 633 | D7: 640 | E7: 1273 | F7: 2.7082225 | G7: 1746.5687 | H7: 1699.3563 | I7: 47.21247 | J7: 2584.5198 | K7: 2628.1822 | L7: 0.32315154 | M7: 0.74663363 | N7: neutral | O7: 0 | P7: 0 | Q7: 0 | R7: 0.39652449 | S7: 0.3875 | T7: 0.0090244866 | U7: 1105578 | V7: 1087588 | W7: 17990 | X7: 1.4797699 | Y7: 1.5465752
A8: Мурманск | B8: 55 | C8: 422 | D8: 425 | E8: 847 | F8: 1.801936 | G8: 2158.4431 | H8: 2143.9318 | I8: 14.511363 | J8: 2793.1878 | K8: 2878.9767 | L8: 0.074451247 | M8: 0.94066896 | N8: neutral | O8: 1041.5 | P8: 0 | Q8: 1041.5 | R8: 0.52132701 | S8: 0.47294118 | T8: 0.048385838 | U8: 910863 | V8: 911171 | W8: -308 | X8: 1.2940752 | Y8: 1.342849
A9: Казань | B9: 699 | C9: 482 | D9: 494 | E9: 976 | F9: 2.0763749 | G9: 2494.278 | H9: 2637.5709 | I9: -143.29284 | J9: 3988.5069 | K9: 4167.1219 | L9: -0.54887306 | M9: 0.58321841 | N9: neutral | O9: 0 | P9: 0 | Q9: 0 | R9: 0.43775934 | S9: 0.47975709 | T9: -0.041997749 | U9: 1202242 | V9: 1302960 | W9: -100718 | X9: 1.5990627 | Y9: 1.579909
A10: Казань | B10: 477 | C10: 382 | D10: 386 | E10: 768 | F10: 1.6338687 | G10: 2295.9581 | H10: 2532.9456 | I10: -236.98748 | J10: 3486.024 | K10: 3901.1278 | L10: -0.88790245 | M10: 0.37487482 | N10: neutral | O10: 0 | P10: 0 | Q10: 0 | R10: 0.43717277 | S10: 0.44559585 | T10: -0.0084230801 | U10: 877056 | V10: 977717 | W10: -100661 | X10: 1.5183309 | Y10: 1.5401546
A11: Казань | B11: 544 | C11: 377 | D11: 416 | E11: 793 | F11: 1.6870546 | G11: 2685.8568 | H11: 2710.6202 | I11: -24.763428 | J11: 3883.2686 | K11: 4712.4755 | L11: -0.081035946 | M11: 0.93543405 | N11: neutral | O11: 0 | P11: 0 | Q11: 0 | R11: 0.48541114 | S11: 0.44230769 | T11: 0.043103448 | U11: 1012568 | V11: 1127618 | W11: -115050 | X11: 1.4458212 | Y11: 1.738523
A12: Казань | B12: 516 | C12: 634 | D12: 636 | E12: 1270 | F12: 2.7018402 | G12: 3294.459 | H12: 2924.1321 | I12: 370.32692 | J12: 4585.7005 | K12: 3831.6669 | L12: 1.5613992 | M12: 0.11868728 | N12: neutral | O12: 2308 | P12: 1873 | Q12: 435 | R12: 0.55205047 | S12: 0.53930818 | T12: 0.012742297 | U12: 2088687 | V12: 1859748 | W12: 228939 | X12: 1.3919434 | Y12: 1.3103604
A13: Казань | B13: 439 | C13: 355 | D13: 351 | E13: 706 | F13: 1.5019679 | G13: 2521.0592 | H13: 2469.8376 | I13: 51.221548 | J13: 4161.0796 | K13: 3791.5553 | L13: 0.17099477 | M13: 0.86427734 | N13: neutral | O13: 0 | P13: 0 | Q13: 0 | R13: 0.43943662 | S13: 0.45868946 | T13: -0.019252839 | U13: 894976 | V13: 866913 | W13: 28063 | X13: 1.6505283 | Y13: 1.5351436
... A35: Дмитров | B35: 2 | C35: 78 | D35: 71 | E35: 149 | F35: 0.31698755 | G35: 579.33333 | H35: 483.4507 | I35: 95.882629 | J35: 1860.7624 | K35: 1654.9232 | L35: 0.33288476 | M35: 0.73969579 | N35: neutral | O35: 0 | P35: 0 | Q35: 0 | R35: 0.11538462 | S35: 0.098591549 | T35: 0.016793066 | U35: 45188 | V35: 34325 | W35: 10863 | X35: 3.2119029 | Y35: 3.4231477
A38: Расчет количества наблюдений для обнаружения значимой разницы в торговых точках показавших недостаточные изменения
A40: Торговая точка | B40: Необходимое количество наблюдений
A41: 212 | B41: =(16*(IF(J2<=K2,J2,K2))^2)/Итог!$B$3^2 -> 117.36519
A42: 278 | B42: =(16*(IF(J3<=K3,J3,K3))^2)/Итог!$B$3^2 -> 109.46659
A43: 202 | B43: =(16*(IF(J4<=K4,J4,K4))^2)/Итог!$B$3^2 -> 119.69991
A44: 444 | B44: =(16*(IF(J5<=K5,J5,K5))^2)/Итог!$B$3^2 -> 126.91864
A45: 277 | B45: =(16*(IF(J6<=K6,J6,K6))^2)/Итог!$B$3^2 -> 119.14329
A46: 54 | B46: =(16*(IF(J7<=K7,J7,K7))^2)/Итог!$B$3^2 -> 106.87588
A47: 55 | B47: =(16*(IF(J8<=K8,J8,K8))^2)/Итог!$B$3^2 -> 124.83037
A48: 699 | B48: =(16*(IF(J9<=K9,J9,K9))^2)/Итог!$B$3^2 -> 254.53099
A49: 477 | B49: =(16*(IF(J10<=K10,J10,K10))^2)/Итог!$B$3^2 -> 194.43782
A50: 544 | B50: =(16*(IF(J11<=K11,J11,K11))^2)/Итог!$B$3^2 -> 241.2764
A51: 516 | B51: =(16*(IF(J12<=K12,J12,K12))^2)/Итог!$B$3^2 -> 234.90675
A52: 439 | B52: =(16*(IF(J13<=K13,J13,K13))^2)/Итог!$B$3^2 -> 230.01427
... A74: 2 | B74: =(16*(IF(J35<=K35,J35,K35))^2)/Итог!$B$3^2 -> 43.820332
